trade_date,close,MA5,MA10,MA20,MA60,MA120,RSI,DIF,DEA,MACD,BB_MID,BB_UPPER,BB_LOWER,BB_WIDTH
2025-07-01,563.0000,,,,,,,0.0000,0.0000,0.0000,,,,
2025-07-02,545.1000,,,,,,,-1.4279,-0.2856,-2.2847,,,,
2025-07-03,547.3000,,,,,,,-2.3549,-0.6994,-3.3109,,,,
2025-07-04,547.4700,,,,,,,-3.0408,-1.1677,-3.7461,,,,
2025-07-07,541.3800,548.8500,,,,,,-4.0293,-1.7400,-4.5785,,,,
2025-07-08,542.7700,544.8040,,,,,,-4.6469,-2.3214,-4.6511,,,,
2025-07-09,535.0000,542.7840,,,,,,-5.6977,-2.9967,-5.4022,,,,
2025-07-10,523.5000,538.0240,,,,,,-7.3735,-3.8720,-7.0029,,,,
2025-07-11,553.9800,539.3260,,,,,,-6.1709,-4.3318,-3.6782,,,,
2025-07-14,565.0600,544.0620,546.4560,,,,,-4.2745,-4.3203,0.0917,,,,
2025-07-15,553.1000,546.1280,545.4660,,,,,-3.6941,-4.1951,1.0020,,,,
2025-07-16,580.1900,555.1660,548.9750,,,,,-1.0362,-3.5633,5.0542,,,,
2025-07-17,582.4000,566.9460,552.4850,,,,,1.2343,-2.6038,7.6761,,,,
2025-07-18,582.6200,572.6740,556.0000,,,,,3.0166,-1.4797,8.9927,,,,
2025-07-21,582.0000,576.0620,560.0620,,,,30.6529,4.3292,-0.3179,9.2943,,,,
2025-07-22,593.9300,584.2280,565.1780,,,,35.4764,6.2599,0.9976,10.5246,,,,
2025-07-23,595.5600,587.3020,571.2340,,,,36.1301,7.8313,2.3644,10.9339,,,,
2025-07-24,600.2300,590.8680,578.9070,,,,38.0660,9.3457,3.7607,11.1702,,,,
2025-07-25,673.3000,609.0040,590.8390,,,,59.0041,16.2547,6.2595,19.9905,,,,
2025-07-28,679.0000,628.4040,602.2330,574.3445,,,60.1363,21.9371,9.3950,25.0843,574.3445,656.5272,492.1618,28.6179
2025-07-29,710.7800,651.7740,618.0010,581.7335,,,65.8062,28.6744,13.2509,30.8470,581.7335,683.7917,479.6753,35.0876
2025-07-30,684.7000,669.6020,628.4520,588.7135,,,58.4580,31.5456,16.9098,29.2716,588.7135,698.9870,478.4400,37.4625
2025-07-31,709.5000,691.4560,641.1620,596.8235,,,62.7209,35.4140,20.6107,29.6067,596.8235,717.6278,476.0192,40.4824
2025-08-01,689.1000,694.6160,651.8100,603.9050,,,57.4944,36.4139,23.7713,25.2851,603.9050,729.0544,478.7556,41.4467
2025-08-04,689.0600,696.6280,662.5160,611.2890,,,57.4843,36.7791,26.3728,20.8124,611.2890,738.3180,484.2600,41.5610
2025-08-05,695.0000,693.4720,672.6230,618.9005,,,58.6478,37.1199,28.5223,17.1953,618.9005,746.8822,490.9188,41.3578
2025-08-06,694.3400,695.4000,682.5010,626.8675,,,58.4564,36.9113,30.2001,13.4224,626.8675,752.6778,501.0572,40.1394
2025-08-07,703.0000,694.1000,692.7780,635.8425,,,60.2878,37.0180,31.5636,10.9087,635.8425,756.0917,515.5933,37.8236
2025-08-08,692.8000,694.8400,694.7280,642.7835,,,57.0951,35.8661,32.4241,6.8839,642.7835,759.0984,526.4686,36.1910
2025-08-11,707.4000,698.5080,697.5680,649.9005,,,60.3333,35.7195,33.0832,5.2726,649.9005,763.5804,536.2206,34.9838
2025-08-12,848.8800,729.2840,711.3780,664.6895,,,77.8103,46.4838,35.7633,21.4409,664.6895,800.2065,529.1725,40.7760
2025-08-13,860.0000,762.4160,728.9080,678.6800,,,78.6081,55.2747,39.6656,31.2182,678.6800,833.8196,523.5404,45.7180
2025-08-14,949.0000,811.6160,752.8580,697.0100,,,83.6689,68.6319,45.4589,46.3461,697.0100,886.9727,507.0473,54.5079
2025-08-15,923.7000,857.7960,776.3180,714.0640,,,78.0185,76.2967,51.6264,49.3404,714.0640,921.2477,506.8803,58.0295
2025-08-18,950.0000,906.3160,802.4120,732.4640,,,79.5635,83.5303,58.0072,51.0462,732.4640,955.0554,509.8726,60.7788
2025-08-19,933.9800,923.3360,826.3100,749.4665,,,76.0567,86.9678,63.7993,46.3370,749.4665,979.3329,519.6001,61.3413
2025-08-20,1013.0000,953.9360,858.1760,770.3385,,,80.5991,94.9735,70.0342,49.8788,770.3385,1016.5875,524.0895,63.9327
2025-08-21,1036.0000,971.3360,891.4760,792.1270,,,81.6880,101.9983,76.4270,51.1426,792.1270,1051.7532,532.5008,65.5517
2025-08-22,1243.2000,1035.2360,946.5160,820.6220,,,88.1441,122.8684,85.7153,74.3062,820.6220,1142.8789,498.3651,78.5397
2025-08-25,1384.9300,1122.2220,1014.2690,855.9185,,,90.5884,149.1255,98.3973,101.4564,855.9185,1257.6922,454.1448,93.8813
2025-08-26,1329.0000,1201.2260,1062.2810,886.8295,,,83.2907,163.5362,111.4251,104.2222,886.8295,1334.1340,439.5250,100.8772
2025-08-27,1372.1000,1273.0460,1113.4910,921.1995,,,84.3378,176.4012,124.4203,103.9617,921.1995,1407.0826,435.3164,105.4892
2025-08-28,1587.9100,1383.4280,1177.3820,965.1200,,,88.2935,201.6859,139.8734,123.6250,965.1200,1523.7833,406.4567,115.7707
2025-08-29,1492.4900,1433.2860,1234.2610,1005.2895,,,78.8151,211.5856,154.2159,114.7395,1005.2895,1595.0544,415.5246,117.3324
2025-09-01,1448.3900,1445.9780,1284.1000,1043.2560,,,74.8175,213.4126,166.0552,94.7148,1043.2560,1644.9493,441.5627,115.3491
2025-09-02,1480.0000,1476.1780,1338.7020,1082.5060,,,75.7663,214.9336,175.8309,78.2054,1082.5060,1690.9237,474.0883,112.4091
2025-09-03,1405.0000,1482.7580,1377.9020,1118.0390,,,69.1127,207.6929,182.2033,50.9792,1118.0390,1713.8834,522.1946,106.5874
2025-09-04,1202.0000,1405.5760,1394.5020,1142.9890,,,55.0271,183.4594,182.4545,2.0098,1142.9890,1706.5747,579.4033,98.6161
2025-09-05,1281.4600,1363.3700,1398.3280,1172.4220,,,58.5852,168.7211,179.7078,-21.9735,1172.4220,1697.1605,647.6835,89.5136
2025-09-08,1212.7800,1316.2480,1381.1130,1197.6910,,,54.5667,149.7724,173.7208,-47.8967,1197.6910,1674.6392,720.7428,79.6446
2025-09-09,1228.0700,1265.8620,1371.0200,1216.6505,,,55.3018,134.4395,165.8645,-62.8500,1216.6505,1664.4739,768.8271,73.6158
2025-09-10,1273.0000,1239.4620,1361.1100,1237.3005,,,57.4788,124.4787,157.5873,-66.2174,1237.3005,1652.8001,821.8009,67.1623
2025-09-11,1387.0000,1276.4620,1341.0190,1259.2005,,,62.4731,124.3500,150.9399,-53.1797,1259.2005,1656.4914,861.9096,63.1021
2025-09-12,1488.0000,1317.7700,1340.5700,1287.4155,,,66.2547,130.8891,146.9297,-32.0812,1287.4155,1663.9949,910.8361,58.5016
2025-09-15,1440.0000,1363.2140,1339.7310,1311.9155,,,63.0052,130.6917,143.6821,-25.9809,1311.9155,1658.6400,965.1910,52.8578
2025-09-16,1440.1000,1405.6200,1335.7410,1337.2215,,,63.0093,129.0556,140.7568,-23.4024,1337.2215,1638.7346,1035.7084,45.0955
2025-09-17,1442.0000,1439.4200,1339.4410,1358.6715,,,63.0924,126.4546,137.8964,-22.8835,1358.6715,1621.6424,1095.7006,38.7100
2025-09-18,1420.9900,1446.2180,1361.3400,1377.9210,,,61.4486,121.2997,134.5770,-26.5547,1377.9210,1593.5405,1162.3015,31.2963
2025-09-19,1349.2400,1418.4660,1368.1180,1383.2230,,,56.0758,110.1550,129.6926,-39.0753,1383.2230,1589.9247,1176.5213,29.8870
2025-09-22,1398.0000,1410.0660,1386.6400,1383.8765,938.0465,,58.7175,104.0577,124.5656,-41.0158,1383.8765,1590.6835,1177.0695,29.8881
2025-09-23,1350.3800,1392.1220,1398.8710,1384.9455,951.1695,,55.2243,94.2961,118.5117,-48.4313,1384.9455,1590.7769,1179.1141,29.7241
2025-09-24,1374.0000,1378.5220,1408.9710,1385.0405,964.9845,,56.6034,87.4577,112.3009,-49.6865,1385.0405,1590.8487,1179.2323,29.7187
2025-09-25,1386.6900,1371.6620,1408.9400,1374.9795,978.9743,,57.3632,82.1156,106.2639,-48.2965,1374.9795,1557.3718,1192.5872,26.5302
2025-09-26,1339.0000,1369.6140,1394.0400,1367.3050,992.1665,,53.5675,73.1901,99.6491,-52.9180,1367.3050,1541.6161,1192.9939,25.4970
2025-09-29,1323.5000,1354.7140,1382.3900,1361.0605,1005.2018,,52.3549,64.1266,92.5446,-56.8359,1361.0605,1532.0576,1190.0634,25.1270
2025-09-30,1325.0000,1349.6380,1370.8800,1353.3105,1018.2390,,52.4670,56.4145,85.3186,-57.8082,1353.3105,1515.4297,1191.1913,23.9589
2025-10-09,1332.7900,1341.3960,1359.9590,1349.7000,1031.5355,,53.0846,50.3508,78.3250,-55.9485,1349.7000,1510.1803,1189.2197,23.7801
2025-10-10,1247.0800,1313.4740,1342.5680,1351.9540,1043.5952,,46.0028,38.1889,70.2978,-64.2178,1351.9540,1504.7835,1199.1245,22.6087
2025-10-13,1262.1100,1298.0960,1333.8550,1350.9865,1055.3973,,47.3298,29.4242,62.1231,-65.3978,1350.9865,1505.9254,1196.0476,22.9372
2025-10-14,1196.0000,1272.5960,1313.6550,1350.1475,1065.9130,,42.3948,16.9481,53.0881,-72.2799,1350.1475,1508.3842,1191.9108,23.4399
2025-10-15,1242.0000,1255.9960,1302.8170,1350.8440,1077.3947,,46.5694,10.6498,44.6004,-67.9012,1350.8440,1506.9262,1194.7618,23.1088
2025-10-16,1274.0000,1244.2380,1292.8170,1350.8940,1088.9582,,49.3208,8.1466,37.3097,-58.3261,1350.8940,1506.8718,1194.9162,23.0925
2025-10-17,1247.6800,1244.3580,1278.9160,1343.9280,1100.0462,,47.1693,3.9930,30.6463,-53.3067,1343.9280,1505.4615,1182.3945,24.0390
2025-10-20,1281.1200,1248.1600,1273.1280,1333.5840,1111.6878,,50.1450,3.3608,25.1892,-43.6569,1333.5840,1482.2555,1184.9125,22.2965
2025-10-21,1368.9600,1282.7520,1277.6740,1330.0320,1124.8038,,56.9970,9.8343,22.1183,-24.5678,1330.0320,1471.2038,1188.8602,21.2283
2025-10-22,1429.5000,1320.2520,1288.1240,1329.5020,1138.7300,,60.9777,19.6236,21.6193,-3.9915,1329.5020,1469.0036,1190.0004,20.9855
2025-10-23,1398.9000,1345.2320,1294.7350,1327.3470,1152.1190,,58.0526,24.6285,22.2211,4.8147,1327.3470,1460.7287,1193.9653,20.0975
2025-10-24,1525.0000,1400.6960,1322.5270,1332.5475,1167.5318,,65.4152,38.3284,25.4426,25.7715,1332.5475,1487.6451,1177.4499,23.2784
2025-10-27,1530.6800,1450.6080,1349.3840,1341.6195,1181.8215,,65.7072,49.0782,30.1697,37.8169,1341.6195,1520.2660,1162.9730,26.6315
2025-10-28,1478.5800,1472.5320,1377.6420,1345.6485,1195.1478,,60.6493,52.7850,34.6928,36.1844,1345.6485,1533.0681,1158.2289,27.8557
2025-10-29,1461.0000,1478.8320,1399.5420,1351.1795,1207.6515,,58.9990,53.6852,38.4913,30.3879,1351.1795,1545.5859,1156.7731,28.7758
2025-10-30,1422.0000,1483.4520,1414.3420,1353.5795,1219.9398,,55.3977,50.6676,40.9265,19.4822,1353.5795,1550.3430,1156.8160,29.0731
2025-10-31,1375.0000,1453.4520,1427.0740,1352.9950,1231.0315,,51.3313,43.9767,41.5366,4.8803,1352.9950,1549.4135,1156.5765,29.0346
2025-11-03,1346.6000,1416.6360,1433.6220,1353.3750,1241.9898,,48.9912,35.9679,40.4228,-8.9099,1353.3750,1549.7089,1157.0411,29.0140
2025-11-04,1339.6000,1388.8400,1430.6860,1354.1800,1252.8322,,48.4054,28.7249,38.0832,-18.7167,1354.1800,1550.1298,1158.2302,28.9400
2025-11-05,1348.0000,1366.2400,1422.5360,1355.3300,1263.7155,,49.1905,23.3929,35.1452,-23.5046,1355.3300,1550.8282,1159.8318,28.8488
2025-11-06,1480.0000,1377.8400,1430.6460,1362.6905,1276.8098,,59.5950,29.4787,34.0119,-9.0663,1362.6905,1565.5614,1159.8196,29.7750
2025-11-07,1432.5000,1389.3400,1421.3960,1371.9615,1288.9682,,55.2135,30.1217,33.2338,-6.2243,1371.9615,1569.4629,1174.4601,28.7911
2025-11-10,1391.5000,1398.3200,1407.4780,1378.4310,1300.6132,,51.6814,27.0115,31.9894,-9.9557,1378.4310,1569.1414,1187.7206,27.6706
2025-11-11,1330.0000,1396.4000,1392.6200,1385.1310,1310.9898,,46.8410,19.3610,29.4637,-20.2054,1385.1310,1557.3771,1212.8849,24.8707
2025-11-12,1365.7800,1399.9560,1383.0980,1391.3200,1319.6048,,49.7875,16.0006,26.7711,-21.5410,1391.3200,1550.2958,1232.3442,22.8525
2025-11-13,1384.9000,1380.9360,1379.3880,1396.8650,1328.3532,,51.3397,14.7107,24.3590,-19.2966,1396.8650,1546.0456,1247.6844,21.3593
2025-11-14,1325.0100,1359.4380,1374.3890,1400.7315,1334.6200,,46.4918,8.7549,21.2382,-24.9666,1400.7315,1537.0890,1264.3740,19.4695
2025-11-17,1303.1000,1341.7580,1370.0390,1401.8305,1340.9433,,44.8242,2.2411,17.4388,-30.3953,1401.8305,1534.4315,1269.2295,18.9183
2025-11-18,1326.7000,1341.0980,1368.7490,1399.7175,1347.2217,,47.0282,-1.0052,13.7500,-29.5104,1399.7175,1535.8244,1263.6106,19.4478
2025-11-19,1332.0000,1334.3420,1367.1490,1394.8425,1353.8553,,47.5350,-3.1144,10.3771,-26.9830,1394.8425,1533.4199,1256.2651,19.8700
2025-11-20,1322.3000,1321.8220,1351.3790,1391.0125,1359.0103,,46.6552,-5.5052,7.2007,-25.4116,1391.0125,1533.3021,1248.7229,20.4584
2025-11-21,1249.0000,1306.6200,1333.0290,1377.2125,1362.5603,,40.5474,-13.1628,3.1280,-32.5816,1377.2125,1518.3181,1236.1069,20.4915
2025-11-24,1261.9800,1298.3960,1320.0770,1363.7775,1362.8733,,41.9955,-17.9770,-1.0930,-33.7679,1363.7775,1494.1151,1233.4399,19.1142
2025-11-25,1260.0000,1285.0560,1313.0770,1352.8485,1360.7912,,41.8281,-21.7018,-5.2148,-32.9741,1352.8485,1479.2512,1226.4458,18.6869
2025-11-26,1314.6600,1281.5880,1307.9650,1345.5315,1360.5522,,47.9904,-20.0125,-8.1743,-23.6764,1345.5315,1462.1366,1228.9264,17.3322
2025-11-27,1317.3600,1280.6000,1301.2110,1340.2995,1359.6398,,48.2819,-18.2455,-10.1886,-16.1139,1340.2995,1451.7335,1228.8655,16.6282
2025-11-28,1331.0000,1297.0000,1301.8100,1338.0995,1355.3580,,49.8119,-15.5651,-11.2639,-8.6025,1338.0995,1448.3804,1227.8186,16.4832
2025-12-01,1362.4400,1317.0920,1307.7440,1338.8915,1353.1905,,53.2454,-10.7797,-11.1670,0.7747,1338.8915,1449.6559,1228.1271,16.5457
2025-12-02,1328.7300,1330.8380,1307.9470,1338.3480,1351.1962,,49.3472,-9.5967,-10.8530,2.5126,1338.3480,1449.2044,1227.4916,16.5662
2025-12-03,1332.3000,1334.3660,1307.9770,1337.5630,1348.7345,,49.7667,-8.2756,-10.3375,4.1237,1337.5630,1448.3539,1226.7721,16.5661
2025-12-04,1369.0000,1344.6940,1312.6470,1332.0130,1348.1345,,53.9850,-4.2187,-9.1137,9.7901,1332.0130,1421.9117,1242.1143,13.4982
2025-12-05,1355.0000,1349.4940,1323.2470,1328.1380,1350.6845,,52.1847,-2.1090,-7.7128,11.2077,1328.1380,1405.6233,1250.6527,11.6683
2025-12-08,1417.8000,1360.5660,1338.8290,1329.4530,1352.9568,,58.8189,4.5777,-5.2547,19.6648,1329.4530,1412.1813,1246.7247,12.4455
2025-12-09,1436.0000,1382.0200,1356.4290,1334.7530,1356.6772,,60.5281,11.2163,-1.9605,26.3535,1334.7530,1430.2285,1239.2775,14.3061
2025-12-10,1420.8800,1399.7360,1367.0510,1337.5080,1359.8907,,58.3609,15.0834,1.4483,27.2703,1337.5080,1439.6971,1235.3189,15.2805
2025-12-11,1382.0200,1402.3400,1373.5170,1337.3640,1361.7077,,53.0989,14.8414,4.1269,21.4290,1337.3640,1439.2796,1235.4484,15.2413
2025-12-12,1344.0000,1400.1400,1374.8170,1338.3135,1360.9910,,48.4921,11.4497,5.5915,11.7165,1338.3135,1440.0983,1236.5287,15.2109
2025-12-15,1331.9000,1382.9600,1371.7630,1339.7535,1358.3893,,47.0918,7.6967,6.0125,3.3684,1339.7535,1440.2474,1239.2596,15.0018
2025-12-16,1273.9200,1350.5440,1366.2820,1337.1145,1355.6213,,40.9846,0.0434,4.8187,-9.5506,1337.1145,1441.7388,1232.4902,15.6493
2025-12-17,1315.6000,1329.4880,1364.6120,1336.2945,1353.5463,,46.3691,-2.6284,3.3293,-11.9153,1336.2945,1441.3438,1231.2452,15.7225
2025-12-18,1287.0000,1310.4840,1356.4120,1334.5295,1350.9630,,43.4403,-6.9732,1.2688,-16.4839,1334.5295,1441.7330,1227.3260,16.0661
2025-12-19,1268.0000,1295.2840,1347.7120,1335.4795,1348.4132,,41.5621,-11.8134,-1.3476,-20.9315,1335.4795,1439.7894,1231.1696,15.6213
2025-12-22,1284.7700,1285.8580,1334.4090,1336.6190,1347.3387,,43.8689,-14.1332,-3.9048,-20.4569,1336.6190,1438.0051,1235.2329,15.1705
2025-12-23,1336.0200,1298.2780,1324.4110,1340.4200,1346.3057,1142.1761,50.3228,-11.7013,-5.4641,-12.4745,1340.4200,1435.1960,1245.6440,14.1412
2025-12-24,1326.2000,1300.3980,1314.9430,1340.9970,1345.9027,1148.5361,49.1565,-10.4461,-6.4605,-7.9712,1340.9970,1435.2518,1246.7422,14.0574
2025-12-25,1319.4100,1306.8800,1308.6820,1341.0995,1344.9928,1154.9887,48.3226,-9.8852,-7.1454,-5.4795,1341.0995,1435.2504,1246.9486,14.0409
2025-12-26,1303.8900,1314.0580,1304.6710,1339.7440,1343.6128,1161.2936,46.3856,-10.5711,-7.8306,-5.4812,1339.7440,1435.2776,1244.2104,14.2615
2025-12-29,1358.5000,1328.8040,1307.3310,1339.5470,1343.9378,1168.0522,53.4556,-6.6318,-7.5908,1.9181,1339.5470,1434.8996,1244.1944,14.2365
2025-12-30,1415.8000,1344.7600,1321.5190,1343.9005,1345.4762,1175.3390,59.4916,1.1012,-5.8524,13.9071,1343.9005,1444.9539,1242.8471,15.0388
2025-12-31,1355.5500,1350.6300,1325.5140,1345.0630,1345.9853,1182.1122,51.8740,2.3409,-4.2137,13.1093,1345.0630,1446.0895,1244.0365,15.0218
2026-01-05,1390.0000,1364.7480,1335.8140,1346.1130,1346.9388,1189.2372,55.3912,6.0337,-2.1643,16.3959,1346.1130,1448.6128,1243.6132,15.2290
2026-01-06,1383.1000,1380.5900,1347.3240,1347.5180,1349.2058,1196.4005,54.5316,8.3077,-0.0699,16.7551,1347.5180,1451.2931,1243.7429,15.4024
2026-01-07,1394.8800,1387.8660,1358.3350,1346.3720,1351.4187,1203.4080,55.7929,10.9344,2.1310,17.6068,1346.3720,1447.3476,1245.3964,14.9997
2026-01-08,1444.0000,1393.5060,1369.1330,1346.7720,1355.5520,1210.7325,60.6900,16.7861,5.0620,23.4482,1346.7720,1449.2941,1244.2499,15.2249
2026-01-09,1491.0000,1420.5960,1385.6130,1350.2780,1359.7020,1218.5483,64.7174,24.9288,9.0354,31.7869,1350.2780,1467.2486,1233.3074,17.3254
2026-01-12,1509.9900,1444.5940,1404.6710,1356.6765,1363.6352,1226.2967,66.2232,32.5392,13.7361,37.6061,1356.6765,1493.3064,1220.0466,20.1418
2026-01-13,1408.0900,1449.5920,1415.0910,1359.8810,1366.3087,1233.1774,53.1222,30.0021,16.9893,26.0256,1359.8810,1498.2542,1221.5078,20.3508
2026-01-14,1439.1200,1458.4400,1423.1530,1365.2420,1368.9420,1240.3149,55.9782,30.1478,19.6210,21.0536,1365.2420,1507.3094,1223.1746,20.8121
2026-01-15,1415.0000,1452.6400,1423.0730,1372.2960,1369.7093,1247.2566,53.2618,27.9943,21.2957,13.3973,1372.2960,1509.1870,1235.4050,19.9507
2026-01-16,1424.0500,1439.2500,1429.9230,1377.7185,1369.6185,1254.1743,54.1606,26.7100,22.3786,8.6629,1377.7185,1513.7425,1241.6945,19.7463
2026-01-19,1419.6600,1421.1840,1432.8890,1384.3515,1369.9645,1261.0418,53.6219,25.0492,22.9127,4.2731,1384.3515,1514.5629,1254.1401,18.8119
2026-01-20,1343.0400,1408.1740,1428.8830,1388.1035,1366.9318,1267.2318,45.1765,17.3504,21.8002,-8.8996,1388.1035,1508.1243,1268.0827,17.2928
2026-01-21,1353.8700,1391.1240,1424.7820,1391.5585,1363.9850,1272.9032,46.4601,11.9848,19.8371,-15.7047,1391.5585,1502.7047,1280.4123,15.9744
2026-01-22,1353.0000,1378.7240,1415.6820,1392.4075,1361.8920,1278.5199,46.3662,7.5750,17.3847,-19.6195,1392.4075,1502.0163,1282.7987,15.7438
2026-01-23,1334.9900,1360.9120,1400.0810,1392.8470,1359.7918,1283.7217,44.3668,2.5970,14.4272,-23.6604,1392.8470,1501.4034,1284.2906,15.5877
2026-01-26,1300.0000,1336.9800,1379.0820,1391.8765,1357.7585,1288.8492,40.6952,-4.1240,10.7169,-29.6818,1391.8765,1503.5009,1280.2521,16.0394
2026-01-27,1300.8900,1328.5500,1368.3620,1391.7265,1356.5233,1293.7774,40.8293,-9.2717,6.7192,-31.9818,1391.7265,1503.8557,1279.5973,16.1137
2026-01-28,1282.7800,1314.3320,1352.7280,1387.9405,1355.4597,1298.7248,38.9013,-14.6438,2.4466,-34.1809,1387.9405,1509.5094,1266.3716,17.5179
2026-01-29,1252.0100,1294.1340,1336.4290,1379.7510,1353.9998,1303.4160,35.8073,-21.1405,-2.2708,-37.7393,1379.7510,1514.7440,1244.7580,19.5677
2026-01-30,1258.8900,1278.9140,1319.9130,1374.9180,1352.5147,1308.1151,37.0136,-25.4407,-6.9048,-37.0718,1374.9180,1520.0962,1229.7398,21.1181
2026-02-02,1242.0000,1267.3140,1302.1470,1367.5180,1348.5480,1312.6789,35.2618,-29.8672,-11.4973,-36.7399,1367.5180,1524.0992,1210.9368,22.9000
2026-02-03,1128.0000,1232.7360,1280.6430,1354.7630,1343.4730,1316.2206,26.2360,-42.0889,-17.6156,-48.9467,1354.7630,1544.1282,1165.3978,27.9555
2026-02-04,1068.0000,1189.7800,1252.0560,1338.4190,1338.0813,1319.3472,22.9119,-55.9711,-25.2867,-61.3687,1338.4190,1565.8126,1111.0254,33.9794
2026-02-05,1058.3300,1151.0440,1222.5890,1319.1355,1333.5535,1322.2717,22.4189,-66.9809,-33.6255,-66.7107,1319.1355,1572.7318,1065.5392,38.4489
2026-02-06,1036.9900,1106.6640,1192.7890,1296.4350,1328.0737,1323.8392,21.3283,-76.5459,-42.2096,-68.6725,1296.4350,1566.0312,1026.8388,41.5904
2026-02-09,1086.8000,1075.6240,1171.4690,1275.2755,1323.1053,1325.7292,29.9006,-79.1940,-49.6065,-59.1751,1275.2755,1540.6954,1009.8556,41.6255
2026-02-10,1100.9000,1070.2040,1151.4700,1259.9160,1319.3702,1326.9951,32.1543,-79.2415,-55.5335,-47.4160,1259.9160,1528.5090,991.3230,42.6367
2026-02-11,1078.9000,1072.3840,1131.0820,1241.9050,1315.6335,1328.2884,30.5063,-80.1307,-60.4529,-39.3555,1241.9050,1508.2014,975.6086,42.8851
2026-02-12,1112.5000,1083.2180,1117.1310,1226.7800,1312.0635,1329.6426,35.9091,-77.2338,-63.8091,-26.8494,1226.7800,1485.9482,967.6118,42.2518
2026-02-13,1120.6800,1099.9560,1103.3100,1211.6115,1308.5415,1331.1984,37.1893,-73.4315,-65.7336,-15.3958,1211.6115,1457.3280,965.8950,40.5603
2026-02-24,1071.5500,1096.9060,1086.2650,1194.2060,1304.3623,1331.6863,32.9341,-73.5348,-67.2938,-12.4820,1194.2060,1426.8399,961.5721,38.9604
2026-02-25,1082.6500,1093.2560,1081.7300,1181.1865,1301.5898,1332.0751,34.7506,-71.8923,-68.2135,-7.3576,1181.1865,1407.8167,954.5563,38.3733
2026-02-26,1168.8000,1111.2360,1091.8100,1171.9330,1300.0368,1331.4551,46.7957,-62.9138,-67.1536,8.4796,1171.9330,1383.4873,960.3787,36.1035
2026-02-27,1178.0000,1124.3360,1103.7770,1163.1830,1298.6702,1329.7307,47.9017,-54.4285,-64.6085,20.3602,1163.1830,1356.9314,969.4346,33.3135
2026-03-02,1191.9000,1138.5800,1119.2680,1156.0285,1296.6242,1328.5882,49.6063,-46.0513,-60.8971,29.6916,1156.0285,1332.8965,979.1605,30.5992
2026-03-03,1133.0500,1150.8800,1123.8930,1147.6810,1293.5523,1326.5961,43.1667,-43.6578,-57.4492,27.5828,1147.6810,1311.1934,984.1686,28.4944
2026-03-04,1117.0800,1157.7660,1125.5110,1138.4905,1289.9870,1322.6725,41.5890,-42.5590,-54.4712,23.8244,1138.4905,1285.5827,991.3983,25.8399
2026-03-05,1168.0000,1157.6060,1134.4210,1132.7515,1286.7463,1319.9684,48.1024,-37.1511,-51.0072,27.7121,1132.7515,1264.2723,1001.2307,23.2215
2026-03-06,1154.8800,1152.9820,1138.6590,1127.8950,1283.8488,1317.5225,46.6587,-33.5374,-47.5132,27.9517,1127.8950,1247.5080,1008.2820,21.2100
2026-03-09,1125.9900,1139.8000,1139.1900,1121.2500,1280.4103,1314.5724,43.5585,-32.6286,-44.5363,23.8155,1121.2500,1223.7661,1018.7339,18.2860
2026-03-10,1147.1000,1142.6100,1146.7450,1116.5050,1276.7120,1312.4233,46.3629,-29.8607,-41.6012,23.4810,1116.5050,1203.0257,1029.9843,15.4985
2026-03-11,1099.0000,1138.9940,1148.3800,1115.0550,1272.4453,1311.5649,41.3246,-31.1889,-39.5187,16.6597,1115.0550,1201.7365,1028.3735,15.5475
2026-03-12,1099.0000,1125.1940,1141.4000,1116.6050,1267.1320,1310.0444,41.3246,-31.8740,-37.9898,12.2315,1116.6050,1200.8171,1032.3929,15.0836
2026-03-13,1096.1000,1113.4380,1133.2100,1118.4935,1261.4670,1309.0721,41.0129,-32.2789,-36.8476,9.1373,1118.4935,1198.8069,1038.1801,14.3610
2026-03-16,1089.9700,1106.2340,1123.0170,1121.1425,1255.9518,1307.9213,40.3207,-32.7173,-36.0215,6.6084,1121.1425,1193.2084,1049.0766,12.8558
2026-03-17,1079.9900,1092.8120,1117.7110,1120.8020,1250.9180,1306.3128,39.1619,-33.4841,-35.5141,4.0599,1120.8020,1193.6116,1047.9924,12.9924
2026-03-18,1066.0000,1086.2120,1112.6030,1119.0570,1246.2847,1303.6378,37.5334,-34.8192,-35.3751,1.1117,1119.0570,1195.4592,1042.6548,13.6547
2026-03-19,1037.0200,1073.8160,1099.5050,1116.9630,1241.3700,1299.8797,34.3471,-37.7803,-35.8561,-3.8483,1116.9630,1200.0064,1033.9196,14.8695
2026-03-20,1025.0000,1059.5960,1086.5170,1112.5880,1237.2213,1296.4213,33.0923,-40.6285,-36.8106,-7.6358,1112.5880,1205.2804,1019.8956,16.6625
2026-03-23,971.3000,1035.8620,1071.0480,1105.1190,1231.4830,1292.5147,28.1452,-46.6808,-38.7847,-15.7923,1105.1190,1217.1270,993.1110,20.2708
2026-03-24,1028.5000,1025.5640,1059.1880,1102.9665,1227.1747,1289.0688,38.6636,-46.3277,-40.2933,-12.0688,1102.9665,1219.2632,986.6698,21.0880
2026-03-25,1039.0000,1020.1640,1053.1880,1100.7840,1223.3580,1285.8856,40.3886,-44.6855,-41.1717,-7.0275,1100.7840,1220.2804,981.2876,21.7111
2026-03-26,1024.9000,1017.7400,1045.7780,1093.5890,1219.0268,1283.1827,38.8101,-44.0144,-41.7402,-4.5483,1093.5890,1213.1707,974.0073,21.8696
2026-03-27,1024.0000,1017.5400,1038.5680,1085.8890,1213.8265,1280.0661,38.7061,-43.0588,-42.0039,-2.1097,1085.8890,1202.3776,969.4004,21.4550
2026-03-30,1009.4500,1025.1700,1030.5160,1076.7665,1208.5473,1277.2250,36.9810,-42.9801,-42.1992,-1.5619,1076.7665,1186.6907,966.8423,20.4175
2026-03-31,983.0000,1016.0700,1020.8170,1069.2640,1202.9405,1273.9667,34.0133,-44.5386,-42.6671,-3.7431,1069.2640,1183.4147,955.1133,21.3513
2026-04-01,1051.4000,1018.5500,1019.3570,1065.9800,1198.7323,1271.1726,46.0669,-39.7957,-42.0928,4.5942,1065.9800,1178.0997,953.8603,21.0360
2026-04-02,998.9900,1013.3680,1015.5540,1057.5295,1192.7405,1268.3392,40.0327,-39.8071,-41.6357,3.6571,1057.5295,1162.5235,952.5355,19.8565
2026-04-03,1025.7000,1013.7080,1015.6240,1051.0705,1186.2388,1265.8575,44.0547,-37.2317,-40.7549,7.0464,1051.0705,1146.2870,955.8540,18.1180
2026-04-07,1119.0000,1035.6180,1030.3940,1050.7210,1182.2963,1264.1408,55.3259,-27.3469,-38.0733,21.4528,1050.7210,1144.8244,956.6176,17.9122
2026-04-08,1164.0000,1071.8180,1043.9440,1051.5660,1178.5297,1262.7343,59.5580,-15.7010,-33.5988,35.7957,1051.5660,1149.5374,953.5946,18.6334
2026-04-09,1198.0000,1101.1380,1059.8440,1056.5160,1175.4447,1262.3253,62.4522,-3.6855,-27.6161,47.8613,1056.5160,1172.8596,940.1724,22.0240
2026-04-10,1210.7000,1143.4800,1078.4240,1062.1010,1172.3750,1261.8968,63.5029,6.7834,-20.7362,55.0393,1062.1010,1196.3743,927.8277,25.2845
2026-04-13,1219.6200,1182.2640,1097.9860,1068.2770,1168.6353,1262.0937,64.2594,15.6199,-13.4650,58.1697,1068.2770,1219.4358,917.1182,28.2996
2026-04-14,1241.9800,1206.8600,1121.2390,1075.8775,1164.4850,1262.0935,66.1532,24.1487,-5.9423,60.1819,1075.8775,1245.7564,905.9986,31.5796
2026-04-15,1274.0000,1228.8600,1150.3390,1085.5780,1160.5518,1262.0935,68.7102,33.1099,1.8682,62.4835,1085.5780,1277.2098,893.9462,35.3050
2026-04-16,1307.0000,1250.6600,1175.8990,1097.6280,1158.8670,1262.5878,71.1307,42.3860,9.9717,64.8285,1097.6280,1312.9238,882.3322,39.2293
2026-04-17,1334.0000,1275.3200,1209.4000,1112.4770,1157.1150,1263.0285,72.9730,51.3243,18.2422,66.1642,1112.4770,1349.9913,874.9627,42.7001
2026-04-20,1378.2000,1307.0360,1244.6500,1130.1370,1156.5017,1263.1055,75.7060,61.2684,26.8475,68.8418,1130.1370,1391.5828,868.6912,46.2680
2026-04-21,1330.0000,1324.6400,1265.7500,1148.0720,1154.9342,1262.2763,67.6697,64.5161,34.3812,60.2698,1148.0720,1412.8315,883.3125,46.1225
2026-04-22,1337.0000,1337.2400,1283.0500,1163.4970,1153.5565,1261.7605,68.1977,66.8837,40.8817,52.0041,1163.4970,1434.7907,892.2033,46.6342
2026-04-23,1323.0000,1340.4400,1295.5500,1177.6970,1153.2225,1260.0772,65.8804,66.8597,46.0773,41.5648,1177.6970,1451.2738,904.1202,46.4596
2026-04-24,1352.5000,1344.1400,1309.7300,1194.0770,1153.1997,1258.5923,68.3229,68.4322,50.5483,35.7679,1194.0770,1468.3621,919.7919,45.9409
2026-04-27,1356.7200,1339.8440,1323.4400,1210.7130,1153.2617,1257.5768,68.6684,69.2211,54.2828,29.8764,1210.7130,1481.9072,939.5188,44.7991
2026-04-28,1374.5000,1348.7440,1336.6920,1228.9655,1153.9202,1256.8560,70.1460,70.4686,57.5200,25.8972,1228.9655,1492.1449,965.7861,42.8294
2026-04-29,1416.6300,1364.6700,1350.9550,1250.6470,1155.8640,1256.8112,73.3528,74.0037,60.8167,26.3740,1250.6470,1499.5682,1001.7258,39.8068
2026-04-30,1699.9600,1440.0620,1390.2510,1283.0750,1162.5152,1259.5193,85.0123,98.5319,68.3598,60.3443,1283.0750,1585.8584,980.2916,47.1965
2026-05-06,1825.0000,1534.5620,1439.3510,1324.3755,1171.5522,1263.5059,87.5925,126.6010,80.0080,93.1859,1324.3755,1684.0050,964.7460,54.3093
2026-05-07,1868.0000,1636.8180,1488.3310,1366.4905,1181.8187,1267.9093,88.3362,150.5799,94.1224,112.9149,1366.4905,1773.0629,959.9181,59.5061
2026-05-08,1182.5300,1598.4240,1473.5840,1369.6670,1180.5460,1266.5303,43.5383,112.9694,97.8918,30.1552,1369.6670,1769.0266,970.3074,58.3149
2026-05-11,1200.0000,1555.0980,1459.8840,1371.4670,1179.8460,1264.1970,44.3134,83.6087,95.0352,-22.8530,1371.4670,1767.2319,975.7021,57.7141
2026-05-12,1277.8700,1470.6800,1455.3710,1375.4605,1182.3438,1262.9084,47.7561,65.8643,89.2010,-46.6734,1375.4605,1765.4247,985.4963,56.7031
2026-05-13,1316.8800,1369.0560,1451.8090,1380.7695,1186.4918,1262.2866,49.4424,54.3234,82.2255,-55.8042,1380.7695,1764.1243,997.4147,55.5277
2026-05-14,1260.5800,1247.5720,1442.1950,1382.8175,1189.8627,1261.7081,47.0805,40.1711,73.8146,-67.2870,1382.8175,1762.9717,1002.6633,54.9826
2026-05-15,1209.0000,1252.8660,1425.6450,1381.1685,1192.7295,1260.4016,44.9614,24.5107,63.9538,-78.8863,1381.1685,1764.1704,998.1666,55.4606
2026-05-18,1216.9900,1256.2640,1405.6810,1378.3180,1194.8993,1259.0023,45.3716,12.5992,53.6829,-82.1674,1378.3180,1765.5040,991.1320,56.1824
2026-05-19,1319.2000,1264.5300,1367.6050,1378.9280,1198.5377,1258.9539,50.4581,11.2767,45.2016,-67.8499,1378.9280,1765.6791,992.1769,56.0945
2026-05-20,1362.4100,1273.6360,1321.3460,1380.3485,1203.2628,1259.4482,52.4728,13.5590,38.8731,-50.6281,1380.3485,1766.6132,994.0838,55.9663
2026-05-21,1290.9000,1279.7000,1263.6360,1375.9835,1206.2362,1259.1498,48.9267,9.4882,32.9961,-47.0159,1375.9835,1764.3179,987.6491,56.4446
2026-05-22,1286.0000,1295.1000,1273.9830,1373.7835,1208.9915,1258.7665,48.6839,5.7997,27.5569,-43.5142,1373.7835,1763.7101,983.8569,56.7668
2026-05-25,1406.5000,1333.0020,1294.6330,1377.2585,1214.5740,1259.4682,54.6443,12.4564,24.5368,-24.1607,1377.2585,1767.0436,987.4734,56.6030
2026-05-26,1410.9600,1351.3540,1307.9420,1381.6565,1220.0458,1260.8178,54.8534,17.8855,23.2065,-10.6420,1381.6565,1770.8483,992.4647,56.3370
2026-05-27,1340.0000,1346.8720,1310.2540,1381.0315,1222.8992,1261.4680,50.8390,16.2747,21.8201,-11.0909,1381.0315,1770.4606,991.6024,56.3968
2026-05-28,1391.5000,1366.9920,1323.3460,1382.7705,1226.4575,1262.5638,53.4988,18.9354,21.2432,-4.6156,1382.7705,1772.0530,993.4880,56.3047
2026-05-29,1310.0000,1371.7920,1333.4460,1379.5455,1228.4258,1262.5250,48.9823,14.3028,19.8551,-11.1046,1379.5455,1770.1829,988.9081,56.6328
2026-06-01,1238.0000,1338.0920,1335.5470,1370.6140,1230.1750,1261.8637,45.3406,4.7667,16.8375,-24.1414,1370.6140,1765.8229,975.4051,57.6689
2026-06-02,1300.0000,1315.9000,1333.6270,1350.6160,1233.2237,1261.6053,48.8661,2.1870,13.9074,-23.4408,1350.6160,1714.9241,986.3079,53.9470
2026-06-03,1378.1000,1323.5200,1335.1960,1328.2710,1236.7253,1261.7358,52.9802,6.3711,12.4001,-12.0581,1328.2710,1617.0620,1039.4800,43.4837
2026-06-04,1358.9000,1317.0000,1341.9960,1302.8160,1240.1257,1261.9872,51.8752,8.0450,11.5291,-6.9682,1302.8160,1442.6074,1163.0246,21.4599
2026-06-05,1299.2000,1314.8400,1343.3160,1308.6495,1243.0125,1261.7114,48.4887,4.5024,10.1237,-11.2427,1308.6495,1436.5364,1180.7626,19.5449
2026-06-08,1250.3600,1317.3120,1327.7020,1311.1675,1244.7335,1260.7228,45.8516,-2.2206,7.6549,-19.7509,1311.1675,1431.8259,1190.5091,18.4047
2026-06-09,1270.0100,1311.3140,1313.6070,1310.7745,1247.5837,1260.0145,47.0982,-5.8950,4.9449,-21.6798,1310.7745,1431.9397,1189.6093,18.4876
2026-06-10,1231.0000,1281.8940,1302.7070,1306.4805,1249.7837,1258.4578,44.8888,-11.8185,1.5922,-26.8215,1306.4805,1432.7156,1180.2454,19.3245
2026-06-11,1219.5000,1254.0140,1285.5070,1304.4265,1251.8403,1256.6537,44.2300,-17.2422,-2.1747,-30.1350,1304.4265,1435.0663,1173.7867,20.0302
2026-06-12,1240.0000,1242.1740,1278.5070,1305.9765,1254.3408,1255.1463,45.7581,-19.6597,-5.6717,-27.9760,1305.9765,1432.5205,1179.4325,19.3792
2026-06-15,1335.0000,1259.1020,1288.2070,1311.8770,1258.5910,1254.7545,52.2829,-13.7513,-7.2876,-12.9274,1311.8770,1431.7814,1191.9726,18.2798
2026-06-16,1306.9900,1266.4980,1288.9060,1311.2665,1262.6075,1254.4461,50.3594,-11.2000,-8.0701,-6.2598,1311.2665,1431.1382,1191.3948,18.2834
2026-06-17,1320.0000,1284.2980,1283.0960,1309.1460,1267.3238,1254.3469,51.2564,-8.0356,-8.0632,0.0552,1309.1460,1426.6862,1191.6058,17.9568
2026-06-18,1507.4600,1341.8900,1297.9520,1319.9740,1275.3648,1256.2931,61.9309,9.4893,-4.5527,28.0839,1319.9740,1466.7105,1173.2375,22.2332
2026-06-22,1456.9900,1385.2880,1313.7310,1328.5235,1283.4597,1257.4713,58.2334,19.0854,0.1749,37.8209,1328.5235,1486.4258,1170.6212,23.7711
2026-06-23,1413.0000,1400.8880,1329.9950,1328.8485,1289.8680,1258.5213,55.1431,22.8770,4.7153,36.3233,1328.8485,1487.4518,1170.2452,23.8708
2026-06-24,1453.0000,1430.0900,1348.2940,1330.9505,1296.7680,1260.0630,57.3590,28.7778,9.5278,38.4999,1330.9505,1495.1514,1166.7496,24.6742
2026-06-25,1505.0000,1467.0900,1375.6940,1339.2005,1304.7697,1261.8982,60.1172,37.2211,15.0665,44.3093,1339.2005,1520.9576,1157.4434,27.1441
2026-06-26,1458.0000,1457.1980,1399.5440,1342.5255,1312.0030,1262.9147,56.5563,39.6628,19.9858,39.3542,1342.5255,1530.6331,1154.4179,28.0229
2026-06-29,1482.0000,1462.2000,1423.7440,1351.1255,1319.8788,1264.2131,57.9268,43.0384,24.5963,36.8842,1351.1255,1548.4723,1153.7787,29.2122
2026-06-30,1595.5500,1498.7100,1449.7990,1369.0030,1330.0880,1266.5143,63.7528,54.2507,30.5272,47.4470,1369.0030,1586.9099,1151.0961,31.8344
2026-07-01,1485.3300,1505.1760,1467.6330,1378.2695,1337.3202,1268.0262,55.6913,53.6245,35.1466,36.9558,1378.2695,1599.5573,1156.9817,32.1110
